metric,auc
adamic_adar,0.9468674701384133
jaccard,0.9351742486970921
pref_attach,0.8597603122394544
